route_city,route_id,airline,airline_id,quarter,price,logp,passengers,logq,avg_hub,avg_pop
"ATL to DEN",68,"American Airlines (AA)",1,2,257,5.549076,20,2.995732,25.5,634
"ATL to DEN",68,"United (UA)",4,2,150,5.010635,1680,7.426549,36,634
"ATL to DEN",68,"Delta (DL)",2,2,44,3.78419,18710,9.836813,41,634
"ATL to DEN",68,"Other",3,2,139.25,4.936271,7450,8.915969,16.625,634
"ATL to DEN",68,"United (UA)",4,3,119,4.779123,1710,7.444249,35,634
"ATL to DEN",68,"Other",3,3,139.75,4.939855,7440,8.914626,18,634
"ATL to DEN",68,"Delta (DL)",2,3,38,3.637586,23330,10.0575,42,634
"ATL to DEN",68,"American Airlines (AA)",1,3,172,5.147494,80,4.382027,28.5,634
"ATL to DEN",68,"United (UA)",4,4,93,4.532599,3780,8.237479,33.5,634
"ATL to DEN",68,"Delta (DL)",2,4,58,4.060443,19480,9.877144,37.5,634
"ATL to DEN",68,"American Airlines (AA)",1,4,100,4.60517,250,5.521461,28,634
"ATL to DEN",68,"Other",3,4,78,4.356709,7230,8.885994,18,634
"ATL to ORD",90,"American Airlines (AA)",1,1,106,4.663439,18060,9.801455,41,1640.5
"ATL to ORD",90,"Delta (DL)",2,1,70,4.248495,75600,11.23321,41,1640.5
"ATL to ORD",90,"Other",3,1,52,3.951244,14610,9.589461,17,1640.5
"ATL to ORD",90,"United (UA)",4,1,96,4.564348,42900,10.66663,38.5,1640.5
"ATL to ORD",90,"Delta (DL)",2,2,47,3.850147,80640,11.29775,41,1640.5
"ATL to ORD",90,"Other",3,2,30,3.401197,13980,9.545383,14,1640.5
"ATL to ORD",90,"United (UA)",4,2,149,5.003946,12260,9.414097,35.5,1640.5
"ATL to ORD",90,"American Airlines (AA)",1,2,137,4.919981,11880,9.382611,31,1640.5
"ATL to ORD",90,"Other",3,3,78.5,4.363099,15580,9.653744,12.25,1640.5
"ATL to ORD",90,"Delta (DL)",2,3,32,3.465736,89200,11.39864,40,1640.5
"ATL to ORD",90,"American Airlines (AA)",1,3,97,4.574711,10920,9.298351,33,1640.5
"ATL to ORD",90,"United (UA)",4,3,110,4.70048,11080,9.312897,34.5,1640.5
"ATL to ORD",90,"Delta (DL)",2,4,42,3.73767,77920,11.26344,39.5,1640.5
"ATL to ORD",90,"United (UA)",4,4,153,5.030438,12280,9.415728,33,1640.5
"ATL to ORD",90,"Other",3,4,88,4.477337,14990,9.615139,16.66667,1640.5
"ATL to ORD",90,"American Airlines (AA)",1,4,121,4.795791,14900,9.609117,32.5,1640.5
"AUS to ORD",144,"American Airlines (AA)",1,2,116,4.75359,9390,9.147401,43,1772
"AUS to ORD",144,"United (UA)",4,2,227,5.42495,1190,7.081708,28.5,1772
"AUS to ORD",144,"Other",3,2,253,5.53339,360,5.886104,11.5,1772
"AUS to ORD",144,"Delta (DL)",2,2,400,5.991465,30,3.401197,29.5,1772
"BOS to DCA",229,"American Airlines (AA)",1,1,126,4.836282,7260,8.890135,42,561.5
"BOS to DCA",229,"Delta (DL)",2,1,134,4.89784,5560,8.623353,42.5,561.5
"BOS to DCA",229,"United (UA)",4,1,171,5.141664,12000,9.392662,36.5,561.5
"BOS to DCA",229,"Other",3,1,69,4.234107,47920,10.77729,38,561.5
"BOS to DCA",229,"Other",3,2,60,4.094345,32460,10.38776,34.5,561.5
"BOS to DCA",229,"Delta (DL)",2,2,110,4.70048,15180,9.627734,40.5,561.5
"BOS to DCA",229,"United (UA)",4,2,154,5.036952,9170,9.123693,31.5,561.5
"BOS to DCA",229,"American Airlines (AA)",1,2,106,4.663439,7310,8.896998,41.5,561.5
"BOS to DCA",229,"American Airlines (AA)",1,3,80,4.382027,6140,8.72258,40,561.5
"BOS to DCA",229,"Other",3,3,118,4.770685,24550,10.10847,15.83333,561.5
"BOS to DCA",229,"Delta (DL)",2,3,62,4.127134,5280,8.571681,40.5,561.5
"BOS to DCA",229,"United (UA)",4,3,75,4.317488,29600,10.29553,32.5,561.5
"BOS to DCA",229,"Other",3,4,136.6667,4.917545,31880,10.36973,16.66667,561.5
"BOS to DCA",229,"United (UA)",4,4,90,4.49981,29820,10.30293,34,561.5
"BOS to DCA",229,"American Airlines (AA)",1,4,80,4.382027,8500,9.047821,39,561.5
"BOS to DCA",229,"Delta (DL)",2,4,437,6.079933,11160,9.320091,40,561.5
"BOS to DEN",230,"Delta (DL)",2,1,206,5.327876,30,3.401197,40.5,709
"BOS to DEN",230,"United (UA)",4,1,126,4.836282,21150,9.959395,39.5,709
"BOS to DEN",230,"Other",3,1,272.5,5.607639,6140,8.72258,15.5,709
"BOS to DEN",230,"American Airlines (AA)",1,1,259,5.556828,10,2.302585,41,709
"BOS to LAS",237,"Delta (DL)",2,1,70,4.248495,8430,9.039552,39.5,552
"BOS to LAS",237,"American Airlines (AA)",1,1,127,4.844187,1520,7.326466,42.5,552
"BOS to LAS",237,"United (UA)",4,1,263,5.572154,10,2.302585,35,552
"BOS to LAS",237,"Other",3,1,220.3333,5.395142,12750,9.453286,27.33333,552
"BOS to LAX",238,"Other",3,1,196.6667,5.28151,8880,9.091557,21.66667,2207.5
"BOS to LAX",238,"American Airlines (AA)",1,1,118,4.770685,31950,10.37193,41.5,2207.5
"BOS to LAX",238,"Delta (DL)",2,1,147,4.990433,510,6.234411,39,2207.5
"BOS to LAX",238,"United (UA)",4,1,141,4.94876,11400,9.341369,36.5,2207.5
"BOS to LAX",238,"Delta (DL)",2,2,362,5.891644,50,3.912023,36.5,2207.5
"BOS to LAX",238,"Other",3,2,174.25,5.160491,6360,8.757784,19.875,2207.5
"BOS to LAX",238,"American Airlines (AA)",1,2,101,4.61512,19120,9.85849,41,2207.5
"BOS to LAX",238,"United (UA)",4,2,110,4.70048,8600,9.059518,32.5,2207.5
"BOS to LAX",238,"Other",3,3,206,5.327876,7810,8.963161,20.375,2207.5
"BOS to LAX",238,"American Airlines (AA)",1,3,132,4.882802,14980,9.614471,40.5,2207.5
"BOS to LAX",238,"Delta (DL)",2,3,157,5.056246,410,6.016157,37.5,2207.5
"BOS to LAX",238,"United (UA)",4,3,99,4.59512,7520,8.925322,31,2207.5
"BOS to LAX",238,"United (UA)",4,4,140,4.941642,8150,9.005774,31.5,2207.5
"BOS to LAX",238,"Delta (DL)",2,4,233,5.451038,410,6.016157,36.5,2207.5
"BOS to LAX",238,"American Airlines (AA)",1,4,142,4.955827,18000,9.798127,39.5,2207.5
"BOS to LAX",238,"Other",3,4,242.25,5.48997,3150,8.055158,20.25,2207.5
"BOS to SAN",259,"United (UA)",4,3,484,6.182085,60,4.094345,28.5,916.5
"BOS to SAN",259,"American Airlines (AA)",1,3,277,5.624018,3050,8.022897,41,916.5
"BOS to SAN",259,"Delta (DL)",2,3,277,5.624018,140,4.941642,35,916.5
"BOS to SAN",259,"Other",3,3,458,6.126869,10,2.302585,22,916.5
"BOS to SAN",259,"United (UA)",4,4,341,5.831882,40,3.688879,28.5,916.5
"BOS to SAN",259,"Other",3,4,334,5.811141,20,2.995732,25.5,916.5
"BOS to SAN",259,"Delta (DL)",2,4,285,5.652489,110,4.70048,34,916.5
"BOS to SAN",259,"American Airlines (AA)",1,4,282,5.641907,3590,8.185907,40,916.5
"BOS to SEA",262,"Delta (DL)",2,1,385,5.953243,30,3.401197,42,570
"BOS to SEA",262,"Other",3,1,177,5.17615,4160,8.33327,13.5,570
"BOS to SEA",262,"American Airlines (AA)",1,1,268,5.590987,3420,8.137396,39.5,570
"BOS to SEA",262,"United (UA)",4,1,5,1.609438,10,2.302585,39,570
"BOS to SEA",262,"Delta (DL)",2,4,247,5.509388,50,3.912023,32,570
"BOS to SEA",262,"American Airlines (AA)",1,4,242,5.488938,4210,8.345218,37.5,570
"BOS to SEA",262,"United (UA)",4,4,372,5.918894,10,2.302585,35,570
"BOS to SEA",262,"Other",3,4,243,5.493062,2880,7.965546,13.5,570
"BOS to SFO",263,"Delta (DL)",2,1,339,5.826,10,2.302585,37.5,656.5
"BOS to SFO",263,"American Airlines (AA)",1,1,195,5.273,16340,9.701371,42,656.5
"BOS to SFO",263,"United (UA)",4,1,259,5.556828,17920,9.793673,39,656.5
"BOS to SFO",263,"Other",3,1,113.3333,4.730333,3710,8.218787,21.5,656.5
"BOS to SFO",263,"Other",3,2,131.8,4.881286,5790,8.663888,21,656.5
"BOS to SFO",263,"United (UA)",4,2,114,4.736198,14430,9.577065,35,656.5
"BOS to SFO",263,"American Airlines (AA)",1,2,134,4.89784,15370,9.640173,41.5,656.5
"BOS to SFO",263,"Delta (DL)",2,2,169,5.129899,20,2.995732,35,656.5
"BWI to SEA",370,"Delta (DL)",2,2,349,5.855072,20,2.995732,31.5,603.5
"BWI to SEA",370,"American Airlines (AA)",1,2,284,5.648974,10,2.302585,29.5,603.5
"BWI to SEA",370,"Other",3,2,98,4.584968,220,5.393628,30.5,603.5
"BWI to SEA",370,"United (UA)",4,2,339,5.826,40,3.688879,33.5,603.5
"CLT to ORD",468,"United (UA)",4,1,182,5.204007,7180,8.879055,33.5,1728
"CLT to ORD",468,"American Airlines (AA)",1,1,207,5.332719,2650,7.882315,34,1728
"CLT to ORD",468,"Other",3,1,90.66666,4.50719,16160,9.690294,18.16667,1728
"CLT to ORD",468,"Delta (DL)",2,1,677,6.517671,10,2.302585,34.5,1728
"CVG to ORD",630,"United (UA)",4,2,160,5.075174,3020,8.013012,26.5,1588
"CVG to ORD",630,"Other",3,2,225,5.416101,70,4.248495,3,1588
"CVG to ORD",630,"American Airlines (AA)",1,2,195,5.273,1200,7.090077,27.5,1588
"CVG to ORD",630,"Delta (DL)",2,2,185,5.220356,25860,10.16045,39.5,1588
"CVG to ORD",630,"Other",3,3,248,5.513429,130,4.867535,5,1588
"CVG to ORD",630,"Delta (DL)",2,3,156,5.049856,26580,10.18791,39,1588
"CVG to ORD",630,"United (UA)",4,3,191,5.252274,2500,7.824046,26,1588
"CVG to ORD",630,"American Airlines (AA)",1,3,173,5.153292,1100,7.003066,27.5,1588
"DAL to DCA",661,"Other",3,1,370,5.913503,10,2.302585,26,1486.5
"DAL to DCA",661,"American Airlines (AA)",1,1,182,5.204007,74160,11.21398,41,1486.5
"DAL to DCA",661,"Delta (DL)",2,1,182,5.204007,2920,7.979339,42.5,1486.5
"DAL to DCA",661,"United (UA)",4,1,254,5.537334,1950,7.575585,34.5,1486.5
"DAL to DCA",661,"Other",3,3,173,5.153292,50,3.912023,23.66667,1486.5
"DAL to DCA",661,"Delta (DL)",2,3,119,4.779123,2220,7.705263,41.5,1486.5
"DAL to DCA",661,"United (UA)",4,3,171,5.141664,650,6.476973,31,1486.5
"DAL to DCA",661,"American Airlines (AA)",1,3,169,5.129899,48840,10.7963,40,1486.5
"DAL to DCA",661,"American Airlines (AA)",1,4,176,5.170484,47700,10.77269,42,1486.5
"DAL to DCA",661,"United (UA)",4,4,163,5.09375,930,6.835185,32.5,1486.5
"DAL to DCA",661,"Delta (DL)",2,4,149,5.003946,1640,7.402452,41,1486.5
"DAL to DCA",661,"Other",3,4,180,5.192957,10,2.302585,22,1486.5
"DAL to DEN",662,"American Airlines (AA)",1,1,83,4.41884,33680,10.42466,42,1634
"DAL to DEN",662,"Other",3,1,64,4.158883,13100,9.480368,24,1634
"DAL to DEN",662,"United (UA)",4,1,88,4.477337,16220,9.694,39,1634
"DAL to DEN",662,"Delta (DL)",2,1,149,5.003946,2390,7.779048,40.5,1634
"DAL to DEN",662,"American Airlines (AA)",1,2,72,4.276666,21180,9.960813,40,1634
"DAL to DEN",662,"Other",3,2,82,4.406719,4340,8.375629,24,1634
"DAL to DEN",662,"United (UA)",4,2,82,4.406719,4040,8.304,36,1634
"DAL to DEN",662,"Delta (DL)",2,2,114,4.736198,1750,7.467371,38.5,1634
"DAL to DEN",662,"Other",3,3,46,3.828641,6600,8.794825,22,1634
"DAL to DEN",662,"United (UA)",4,3,65,4.174387,5750,8.656955,35,1634
"DAL to DEN",662,"Delta (DL)",2,3,112,4.718499,1850,7.522941,39.5,1634
"DAL to DEN",662,"American Airlines (AA)",1,3,65,4.174387,26470,10.18377,41.5,1634
"DAL to DEN",662,"American Airlines (AA)",1,4,86,4.454347,21730,9.986449,41,1634
"DAL to DEN",662,"Delta (DL)",2,4,116,4.75359,1980,7.590852,34,1634
"DAL to DEN",662,"Other",3,4,75,4.317488,6020,8.702843,21,1634
"DAL to DEN",662,"United (UA)",4,4,81,4.394449,7190,8.880446,36.5,1634
"DAL to LAX",670,"Other",3,2,297,5.693732,320,5.768321,15,3132.5
"DAL to LAX",670,"United (UA)",4,2,126,4.836282,1190,7.081708,32,3132.5
"DAL to LAX",670,"Delta (DL)",2,2,106,4.663439,2810,7.94094,37.5,3132.5
"DAL to LAX",670,"American Airlines (AA)",1,2,161,5.081404,48860,10.79671,41.5,3132.5
"DAL to LAX",670,"Other",3,3,123.3333,4.814891,4340,8.375629,15.5,3132.5
"DAL to LAX",670,"American Airlines (AA)",1,3,81,4.394449,73120,11.19986,41.5,3132.5
"DAL to LAX",670,"United (UA)",4,3,88,4.477337,1290,7.162397,31,3132.5
"DAL to LAX",670,"Delta (DL)",2,3,102,4.624973,2560,7.847763,38.5,3132.5
"DAL to LAX",670,"American Airlines (AA)",1,4,109,4.691348,61640,11.02907,41.5,3132.5
"DAL to LAX",670,"United (UA)",4,4,88,4.477337,1750,7.467371,32,3132.5
"DAL to LAX",670,"Other",3,4,142.6667,4.960511,3470,8.15191,14,3132.5
"DAL to LAX",670,"Delta (DL)",2,4,77,4.343805,5260,8.567886,37.5,3132.5
"DAL to LGA",672,"American Airlines (AA)",1,3,171,5.141664,151560,11.92874,40,5521.5
"DAL to LGA",672,"United (UA)",4,3,382,5.945421,10,2.302585,27.5,5521.5
"DAL to LGA",672,"Delta (DL)",2,3,232,5.446737,11900,9.384294,40,5521.5
"DAL to LGA",672,"Other",3,3,178.3333,5.183654,5060,8.529121,21.16667,5521.5
"DAL to ORD",684,"Other",3,1,50,3.912023,12890,9.464207,22,2640.5
"DAL to ORD",684,"United (UA)",4,1,85,4.442651,19600,9.883285,38,2640.5
"DAL to ORD",684,"Delta (DL)",2,1,141,4.94876,3050,8.022897,38.5,2640.5
"DAL to ORD",684,"American Airlines (AA)",1,1,125,4.828314,105700,11.56836,43,2640.5
"DAL to ORD",684,"United (UA)",4,2,85,4.442651,9330,9.14099,35.5,2640.5
"DAL to ORD",684,"Other",3,2,55,4.007333,7330,8.899731,21.5,2640.5
"DAL to ORD",684,"American Airlines (AA)",1,2,106,4.663439,84280,11.3419,43,2640.5
"DAL to ORD",684,"Delta (DL)",2,2,126,4.836282,1310,7.177783,38.5,2640.5
"DAL to SEA",694,"Delta (DL)",2,3,157,5.056246,2390,7.779048,42,1495
"DAL to SEA",694,"United (UA)",4,3,167,5.117994,50,3.912023,34.5,1495
"DAL to SEA",694,"Other",3,3,404,6.001415,300,5.703783,16.5,1495
"DAL to SEA",694,"American Airlines (AA)",1,3,158,5.062595,16150,9.689675,42.5,1495
"DAL to SFO",695,"United (UA)",4,2,176,5.170484,750,6.620073,34.5,1581.5
"DAL to SFO",695,"Other",3,2,371,5.916202,20,2.995732,10.5,1581.5
"DAL to SFO",695,"Delta (DL)",2,2,74,4.304065,3500,8.160519,36.5,1581.5
"DAL to SFO",695,"American Airlines (AA)",1,2,138,4.927254,13400,9.50301,42.5,1581.5
"DAL to SFO",695,"Other",3,3,192,5.257495,590,6.380123,22.5,1581.5
"DAL to SFO",695,"United (UA)",4,3,120,4.787492,1240,7.122867,34,1581.5
"DAL to SFO",695,"American Airlines (AA)",1,3,136,4.912655,14780,9.60103,42.5,1581.5
"DAL to SFO",695,"Delta (DL)",2,3,99,4.59512,3200,8.070906,36.5,1581.5
"DAL to SFO",695,"Delta (DL)",2,4,106,4.663439,2460,7.807917,36,1581.5
"DAL to SFO",695,"American Airlines (AA)",1,4,173,5.153292,12920,9.466532,42.5,1581.5
"DAL to SFO",695,"United (UA)",4,4,152,5.02388,1270,7.146772,34.5,1581.5
"DAL to SFO",695,"Other",3,4,222,5.402678,100,4.60517,23,1581.5
"DCA to BOS",707,"United (UA)",4,1,171,5.141664,12000,9.392662,36.5,561.5
"DCA to BOS",707,"Delta (DL)",2,1,134,4.89784,5560,8.623353,42.5,561.5
"DCA to BOS",707,"American Airlines (AA)",1,1,126,4.836282,7260,8.890135,42,561.5
"DCA to BOS",707,"Other",3,1,69,4.234107,47920,10.77729,38,561.5
"DCA to BOS",707,"Delta (DL)",2,2,75,4.317488,5320,8.579228,36.5,561.5
"DCA to BOS",707,"United (UA)",4,2,128,4.85203,10350,9.244741,33,561.5
"DCA to BOS",707,"Other",3,2,103.5,4.639572,21390,9.970678,18,561.5
"DCA to BOS",707,"American Airlines (AA)",1,2,113,4.727388,4060,8.308938,40.5,561.5
"DCA to BOS",707,"Other",3,3,113.6667,4.73327,22270,10.011,17.5,561.5
"DCA to BOS",707,"Delta (DL)",2,3,71,4.26268,5440,8.601534,38.5,561.5
"DCA to BOS",707,"American Airlines (AA)",1,3,101,4.61512,4050,8.306472,40.5,561.5
"DCA to BOS",707,"United (UA)",4,3,77,4.343805,34160,10.43881,34,561.5
"DCA to BOS",707,"Delta (DL)",2,4,86,4.454347,4130,8.326033,37.5,561.5
"DCA to BOS",707,"American Airlines (AA)",1,4,93,4.532599,4850,8.486734,39.5,561.5
"DCA to BOS",707,"United (UA)",4,4,69,4.234107,29340,10.28671,32.5,561.5
"DCA to BOS",707,"Other",3,4,147,4.990433,23910,10.08205,16.66667,561.5
"DCA to DAL",715,"Delta (DL)",2,1,182,5.204007,2920,7.979339,42.5,1486.5
"DCA to DAL",715,"American Airlines (AA)",1,1,182,5.204007,74160,11.21398,41,1486.5
"DCA to DAL",715,"United (UA)",4,1,254,5.537334,1950,7.575585,35,1486.5
"DCA to DAL",715,"Other",3,1,370,5.913503,10,2.302585,26,1486.5
"DCA to DAL",715,"Other",3,2,234,5.455321,10,2.302585,24,1486.5
"DCA to DAL",715,"Delta (DL)",2,2,250,5.521461,5400,8.594154,38,1486.5
"DCA to DAL",715,"American Airlines (AA)",1,2,180,5.192957,39560,10.58557,40,1486.5
"DCA to DAL",715,"United (UA)",4,2,223,5.407172,1150,7.047517,33,1486.5
"DCA to DAL",715,"United (UA)",4,3,160,5.075174,1180,7.07327,33.5,1486.5
"DCA to DAL",715,"Other",3,3,190,5.247024,30,3.401197,24.5,1486.5
"DCA to DAL",715,"Delta (DL)",2,3,175,5.164786,3440,8.143227,39,1486.5
"DCA to DAL",715,"American Airlines (AA)",1,3,179,5.187386,34400,10.44581,40,1486.5
"DCA to LGA",726,"Other",3,1,59,4.077538,93360,11.44422,32.75,4589
"DCA to LGA",726,"American Airlines (AA)",1,1,148,4.997212,14340,9.570808,36.5,4589
"DCA to LGA",726,"United (UA)",4,1,144,4.969813,6800,8.824677,35.5,4589
"DCA to LGA",726,"Delta (DL)",2,1,109,4.691348,101780,11.53057,39.5,4589
"DCA to LGA",726,"Other",3,2,75,4.317488,45430,10.72393,31.5,4589
"DCA to LGA",726,"United (UA)",4,2,125,4.828314,10170,9.227198,32,4589
"DCA to LGA",726,"Delta (DL)",2,2,93,4.532599,53360,10.88482,37.5,4589
"DCA to LGA",726,"American Airlines (AA)",1,2,167,5.117994,7760,8.956738,35,4589
"DCA to LGA",726,"Delta (DL)",2,3,197,5.283204,58620,10.97883,37,4589
"DCA to LGA",726,"Other",3,3,87.75,4.474492,52250,10.8638,21,4589
"DCA to LGA",726,"United (UA)",4,3,142,4.955827,31950,10.37193,36,4589
"DCA to LGA",726,"American Airlines (AA)",1,3,122,4.804021,5700,8.648221,35,4589
"DCA to LGA",726,"American Airlines (AA)",1,4,120,4.787492,7920,8.977146,35.5,4589
"DCA to LGA",726,"Other",3,4,101,4.61512,52490,10.86838,21.625,4589
"DCA to LGA",726,"United (UA)",4,4,133,4.890349,57660,10.96232,37,4589
"DCA to LGA",726,"Delta (DL)",2,4,141,4.94876,91880,11.42824,38,4589
"DCA to STL",753,"United (UA)",4,1,441,6.089045,90,4.49981,35.5,448.5
"DCA to STL",753,"Other",3,1,289,5.666427,14800,9.602383,13.5,448.5
"DCA to STL",753,"American Airlines (AA)",1,1,220,5.393628,21820,9.990582,40.5,448.5
"DCA to STL",753,"Delta (DL)",2,1,484,6.182085,20,2.995732,32,448.5
"DEN to ATL",758,"Other",3,2,95.66666,4.56087,9250,9.132379,12.83333,634
"DEN to ATL",758,"United (UA)",4,2,106,4.663439,4860,8.488793,38.5,634
"DEN to ATL",758,"Delta (DL)",2,2,64,4.158883,9260,9.133459,40,634
"DEN to ATL",758,"American Airlines (AA)",1,2,75,4.317488,30,3.401197,31.5,634
"DEN to ATL",758,"American Airlines (AA)",1,3,314,5.749393,50,3.912023,32,634
"DEN to ATL",758,"Delta (DL)",2,3,61,4.110874,8770,9.079092,40,634
"DEN to ATL",758,"Other",3,3,137,4.919981,7450,8.915969,17.5,634
"DEN to ATL",758,"United (UA)",4,3,96,4.564348,4340,8.375629,36.5,634
"DEN to ATL",758,"American Airlines (AA)",1,4,95,4.553877,240,5.480639,34,634
"DEN to ATL",758,"Delta (DL)",2,4,72,4.276666,9280,9.135617,37.5,634
"DEN to ATL",758,"United (UA)",4,4,78,4.356709,6870,8.834919,35.5,634
"DEN to ATL",758,"Other",3,4,155.6667,5.047717,6740,8.815815,12.83333,634
"DEN to BOS",761,"Delta (DL)",2,1,206,5.327876,30,3.401197,40.5,709
"DEN to BOS",761,"Other",3,1,272.5,5.607639,6140,8.72258,15.5,709
"DEN to BOS",761,"United (UA)",4,1,126,4.836282,21150,9.959395,39.5,709
"DEN to BOS",761,"American Airlines (AA)",1,1,259,5.556828,10,2.302585,41,709
"DEN to DAL",769,"American Airlines (AA)",1,1,83,4.41884,33680,10.42466,42,1634
"DEN to DAL",769,"Delta (DL)",2,1,149,5.003946,2390,7.779048,40.5,1634
"DEN to DAL",769,"United (UA)",4,1,88,4.477337,16220,9.694,39,1634
"DEN to DAL",769,"Other",3,1,64,4.158883,13100,9.480368,24,1634
"DEN to DAL",769,"Delta (DL)",2,2,160,5.075174,1370,7.222566,37,1634
"DEN to DAL",769,"American Airlines (AA)",1,2,88,4.477337,9430,9.151651,38.5,1634
"DEN to DAL",769,"Other",3,2,57,4.043051,9010,9.106091,24,1634
"DEN to DAL",769,"United (UA)",4,2,56,4.025352,11460,9.346618,37.5,1634
"DEN to DAL",769,"United (UA)",4,3,43,3.7612,10980,9.303831,37,1634
"DEN to DAL",769,"Other",3,3,40,3.688879,9140,9.120416,21.5,1634
"DEN to DAL",769,"Delta (DL)",2,3,132,4.882802,1020,6.927558,38,1634
"DEN to DAL",769,"American Airlines (AA)",1,3,86,4.454347,7090,8.866441,40,1634
"DEN to DAL",769,"Delta (DL)",2,4,105,4.65396,1440,7.272398,33,1634
"DEN to DAL",769,"Other",3,4,65,4.174387,9030,9.108308,21,1634
"DEN to DAL",769,"American Airlines (AA)",1,4,111,4.70953,7700,8.948976,40.5,1634
"DEN to DAL",769,"United (UA)",4,4,61,4.110874,13920,9.541082,38,1634
"DEN to LGA",780,"American Airlines (AA)",1,4,106,4.663439,80,4.382027,33.5,4736.5
"DEN to LGA",780,"Other",3,4,61,4.110874,22300,10.01234,18.16667,4736.5
"DEN to LGA",780,"United (UA)",4,4,92,4.521789,45720,10.73029,39,4736.5
"DEN to LGA",780,"Delta (DL)",2,4,145,4.976734,9440,9.152711,32,4736.5
"DTW to DEN",825,"Other",3,3,59.5,4.085976,18390,9.819562,22.25,874.5
"DTW to DEN",825,"Delta (DL)",2,3,0,,10,2.302585,31.5,874.5
"DTW to DEN",825,"United (UA)",4,3,111,4.70953,2520,7.832014,37,874.5
"DTW to DEN",825,"American Airlines (AA)",1,3,224,5.411646,10,2.302585,35,874.5
"HOU to ORD",954,"United (UA)",4,1,69,4.234107,12650,9.445413,37,2437.5
"HOU to ORD",954,"Other",3,1,221.3333,5.39967,41240,10.62716,28.83333,2437.5
"HOU to ORD",954,"American Airlines (AA)",1,1,119,4.779123,9140,9.120416,41,2437.5
"HOU to ORD",954,"Delta (DL)",2,1,281,5.638355,30,3.401197,35,2437.5
"HOU to ORD",954,"Delta (DL)",2,2,258,5.552959,10,2.302585,31,2437.5
"HOU to ORD",954,"American Airlines (AA)",1,2,69,4.234107,4440,8.39841,36,2437.5
"HOU to ORD",954,"United (UA)",4,2,81,4.394449,4820,8.480529,32,2437.5
"HOU to ORD",954,"Other",3,2,61.5,4.119037,53370,10.885,30,2437.5
"HOU to ORD",954,"Delta (DL)",2,3,108,4.682131,50,3.912023,30,2437.5
"HOU to ORD",954,"American Airlines (AA)",1,3,86,4.454347,5490,8.610683,37,2437.5
"HOU to ORD",954,"United (UA)",4,3,92,4.521789,4850,8.486734,32.5,2437.5
"HOU to ORD",954,"Other",3,3,53,3.970292,61870,11.03279,30,2437.5
"HOU to ORD",954,"Delta (DL)",2,4,263,5.572154,20,2.995732,29.5,2437.5
"HOU to ORD",954,"American Airlines (AA)",1,4,115,4.744932,4780,8.472196,36.5,2437.5
"HOU to ORD",954,"Other",3,4,75.5,4.324132,52270,10.86418,31,2437.5
"HOU to ORD",954,"United (UA)",4,4,133,4.890349,4020,8.299037,32,2437.5
"LAS to BOS",1138,"Other",3,1,220.3333,5.395142,12750,9.453286,27.33333,552
"LAS to BOS",1138,"United (UA)",4,1,263,5.572154,10,2.302585,35,552
"LAS to BOS",1138,"Delta (DL)",2,1,70,4.248495,8430,9.039552,39.5,552
"LAS to BOS",1138,"American Airlines (AA)",1,1,127,4.844187,1520,7.326466,42.5,552
"LAS to LGA",1157,"United (UA)",4,1,211,5.351858,20,2.995732,34.5,4579.5
"LAS to LGA",1157,"American Airlines (AA)",1,1,295,5.686975,50,3.912023,37.5,4579.5
"LAS to LGA",1157,"Delta (DL)",2,1,71,4.26268,4890,8.494947,36.5,4579.5
"LAS to LGA",1157,"Other",3,1,156.75,5.054652,188660,12.1477,25.5,4579.5
"LAX to BOS",1192,"Delta (DL)",2,1,147,4.990433,510,6.234411,39.5,2207.5
"LAX to BOS",1192,"Other",3,1,196.6667,5.28151,8880,9.091557,21.66667,2207.5
"LAX to BOS",1192,"United (UA)",4,1,141,4.94876,11400,9.341369,36,2207.5
"LAX to BOS",1192,"American Airlines (AA)",1,1,118,4.770685,31950,10.37193,41.5,2207.5
"LAX to BOS",1192,"Other",3,2,134.3333,4.900324,7780,8.959311,22.5,2207.5
"LAX to BOS",1192,"Delta (DL)",2,2,157,5.056246,180,5.192957,33.5,2207.5
"LAX to BOS",1192,"American Airlines (AA)",1,2,86,4.454347,15130,9.624434,40.5,2207.5
"LAX to BOS",1192,"United (UA)",4,2,102,4.624973,11260,9.329012,33,2207.5
"LAX to BOS",1192,"United (UA)",4,3,103,4.634729,12410,9.426258,32.5,2207.5
"LAX to BOS",1192,"American Airlines (AA)",1,3,111,4.70953,16530,9.712933,40.5,2207.5
"LAX to BOS",1192,"Delta (DL)",2,3,286,5.655992,250,5.521461,36,2207.5
"LAX to BOS",1192,"Other",3,3,66,4.189655,12110,9.401787,23.75,2207.5
"LAX to BOS",1192,"Other",3,4,191,5.252274,4830,8.482602,23,2207.5
"LAX to BOS",1192,"American Airlines (AA)",1,4,136,4.912655,14160,9.558176,39.5,2207.5
"LAX to BOS",1192,"United (UA)",4,4,129,4.859812,10120,9.222269,30.5,2207.5
"LAX to BOS",1192,"Delta (DL)",2,4,121,4.795791,210,5.347107,34.5,2207.5
"LAX to DAL",1200,"Other",3,2,220,5.393628,140,4.941642,23.5,3132.5
"LAX to DAL",1200,"American Airlines (AA)",1,2,184,5.214936,41740,10.63922,41.5,3132.5
"LAX to DAL",1200,"Delta (DL)",2,2,137,4.919981,2520,7.832014,37,3132.5
"LAX to DAL",1200,"United (UA)",4,2,145,4.976734,2740,7.915713,33.5,3132.5
"LAX to DAL",1200,"Other",3,3,58.5,4.069027,2900,7.972466,17.25,3132.5
"LAX to DAL",1200,"Delta (DL)",2,3,112,4.718499,2860,7.958577,38,3132.5
"LAX to DAL",1200,"American Airlines (AA)",1,3,90,4.49981,52220,10.86322,41.5,3132.5
"LAX to DAL",1200,"United (UA)",4,3,88,4.477337,2340,7.757906,32.5,3132.5
"LAX to DAL",1200,"United (UA)",4,4,106,4.663439,2880,7.965546,34,3132.5
"LAX to DAL",1200,"American Airlines (AA)",1,4,106,4.663439,53900,10.89489,41.5,3132.5
"LAX to DAL",1200,"Other",3,4,112.5,4.722953,3410,8.134467,17.25,3132.5
"LAX to DAL",1200,"Delta (DL)",2,4,96,4.564348,4760,8.468003,36,3132.5
"LAX to DEN",1202,"Other",3,2,140.3333,4.94402,14480,9.580523,26.5,2347.5
"LAX to DEN",1202,"American Airlines (AA)",1,2,92,4.521789,8350,9.030017,35.5,2347.5
"LAX to DEN",1202,"Delta (DL)",2,2,198,5.288267,10,2.302585,33,2347.5
"LAX to DEN",1202,"United (UA)",4,2,153,5.030438,31120,10.34561,41.5,2347.5
"LAX to LGA",1211,"Delta (DL)",2,1,91,4.510859,23230,10.0532,36.5,6235
"LAX to LGA",1211,"United (UA)",4,1,309,5.733341,133020,11.79825,36,6235
"LAX to LGA",1211,"Other",3,1,112.2,4.720283,41580,10.63538,24.3,6235
"LAX to LGA",1211,"American Airlines (AA)",1,1,177,5.17615,160380,11.9853,35.5,6235
"LAX to LGA",1211,"Other",3,2,145.2,4.978112,38120,10.54849,23,6235
"LAX to LGA",1211,"Delta (DL)",2,2,97,4.574711,18410,9.820649,34.5,6235
"LAX to LGA",1211,"United (UA)",4,2,105,4.65396,70020,11.15654,33,6235
"LAX to LGA",1211,"American Airlines (AA)",1,2,208,5.337538,136740,11.82584,35,6235
"LAX to LGA",1211,"Delta (DL)",2,3,84,4.430817,17810,9.787516,34.5,6235
"LAX to LGA",1211,"Other",3,3,132.6,4.887337,38680,10.56308,23.2,6235
"LAX to LGA",1211,"American Airlines (AA)",1,3,165,5.105946,146130,11.89225,35,6235
"LAX to LGA",1211,"United (UA)",4,3,137,4.919981,99330,11.5062,34.5,6235
"LAX to LGA",1211,"Other",3,4,91,4.510859,32550,10.39053,24.125,6235
"LAX to LGA",1211,"Delta (DL)",2,4,94,4.543295,21670,9.983685,35,6235
"LAX to LGA",1211,"United (UA)",4,4,236,5.463832,95130,11.463,35,6235
"LAX to LGA",1211,"American Airlines (AA)",1,4,191,5.252274,162180,11.99646,35.5,6235
"LGA to DCA",1306,"United (UA)",4,1,144,4.969813,6800,8.824677,35,4589
"LGA to DCA",1306,"Other",3,1,59,4.077538,93360,11.44422,33,4589
"LGA to DCA",1306,"Delta (DL)",2,1,109,4.691348,101780,11.53057,39.5,4589
"LGA to DCA",1306,"American Airlines (AA)",1,1,148,4.997212,14340,9.570808,36.5,4589
"LGA to DCA",1306,"Other",3,2,63.5,4.15104,61820,11.03198,31.25,4589
"LGA to DCA",1306,"American Airlines (AA)",1,2,183,5.209486,14200,9.560997,35.5,4589
"LGA to DCA",1306,"United (UA)",4,2,177,5.17615,2670,7.889834,30,4589
"LGA to DCA",1306,"Delta (DL)",2,2,119,4.779123,73880,11.2102,37,4589
"LGA to DCA",1306,"United (UA)",4,3,219,5.389072,15840,9.670294,33.5,4589
"LGA to DCA",1306,"Other",3,3,113.25,4.729598,73620,11.20667,19,4589
"LGA to DCA",1306,"Delta (DL)",2,3,138,4.927254,104520,11.55713,37,4589
"LGA to DCA",1306,"American Airlines (AA)",1,3,214,5.365976,10020,9.212338,35,4589
"LGA to DCA",1306,"Delta (DL)",2,4,102,4.624973,121080,11.70421,38,4589
"LGA to DCA",1306,"American Airlines (AA)",1,4,161,5.081404,11620,9.360483,35,4589
"LGA to DCA",1306,"United (UA)",4,4,120,4.787492,35640,10.48122,34.5,4589
"LGA to DCA",1306,"Other",3,4,103.5,4.639572,67040,11.11304,19.625,4589
"LGA to DEN",1307,"Other",3,2,86,4.454347,25130,10.13182,21.125,4736.5
"LGA to DEN",1307,"United (UA)",4,2,143,4.962845,31500,10.35774,37,4736.5
"LGA to DEN",1307,"American Airlines (AA)",1,2,268,5.590987,20,2.995732,33.5,4736.5
"LGA to DEN",1307,"Delta (DL)",2,2,151,5.01728,8880,9.091557,33.5,4736.5
"LGA to DEN",1307,"American Airlines (AA)",1,4,300,5.703783,60,4.094345,34,4736.5
"LGA to DEN",1307,"United (UA)",4,4,163,5.09375,28300,10.25062,37.5,4736.5
"LGA to DEN",1307,"Delta (DL)",2,4,201,5.303305,8360,9.031214,31,4736.5
"LGA to DEN",1307,"Other",3,4,148.25,4.9989,26320,10.17808,20.625,4736.5
"LGA to LAS",1314,"United (UA)",4,1,211,5.351858,20,2.995732,34,4579.5
"LGA to LAS",1314,"American Airlines (AA)",1,1,295,5.686975,50,3.912023,37.5,4579.5
"LGA to LAS",1314,"Other",3,1,156.75,5.054652,188660,12.1477,25.5,4579.5
"LGA to LAS",1314,"Delta (DL)",2,1,71,4.26268,4890,8.494947,36.5,4579.5
"LGA to LAX",1315,"United (UA)",4,1,309,5.733341,133020,11.79825,35.5,6235
"LGA to LAX",1315,"Delta (DL)",2,1,91,4.510859,23230,10.0532,36,6235
"LGA to LAX",1315,"Other",3,1,112.2,4.720283,41580,10.63538,24.3,6235
"LGA to LAX",1315,"American Airlines (AA)",1,1,177,5.17615,160380,11.9853,36,6235
"LGA to LAX",1315,"United (UA)",4,2,76,4.330733,66930,11.1114,32,6235
"LGA to LAX",1315,"Other",3,2,205.6,5.325933,62130,11.03698,23.3,6235
"LGA to LAX",1315,"American Airlines (AA)",1,2,214,5.365976,119310,11.68948,35.5,6235
"LGA to LAX",1315,"Delta (DL)",2,2,90,4.49981,18070,9.802009,33,6235
"LGA to LAX",1315,"Other",3,3,140.6,4.945919,78570,11.27175,23.8,6235
"LGA to LAX",1315,"United (UA)",4,3,141,4.94876,67350,11.11766,32,6235
"LGA to LAX",1315,"Delta (DL)",2,3,89,4.488636,17030,9.742732,34,6235
"LGA to LAX",1315,"American Airlines (AA)",1,3,140,4.941642,140730,11.8546,36,6235
"LGA to LAX",1315,"Other",3,4,129.3333,4.862393,42480,10.65679,22.33333,6235
"LGA to LAX",1315,"American Airlines (AA)",1,4,367,5.905362,139530,11.84604,35.5,6235
"LGA to LAX",1315,"United (UA)",4,4,210,5.347107,57960,10.96751,32.5,6235
"LGA to LAX",1315,"Delta (DL)",2,4,183,5.209486,37020,10.51921,34.5,6235
"LGA to ORD",1328,"Other",3,1,78,4.356709,195880,12.18526,24,5743
"LGA to ORD",1328,"American Airlines (AA)",1,1,142,4.955827,330880,12.70951,37.5,5743
"LGA to ORD",1328,"United (UA)",4,1,123,4.812184,221670,12.30894,38,5743
"LGA to ORD",1328,"Delta (DL)",2,1,243,5.493062,240,5.480639,35.5,5743
"LGA to ORD",1328,"American Airlines (AA)",1,2,158,5.062595,227320,12.33411,37.5,5743
"LGA to ORD",1328,"United (UA)",4,2,115,4.744932,124590,11.73278,35.5,5743
"LGA to ORD",1328,"Delta (DL)",2,2,498,6.2106,150,5.010635,33.5,5743
"LGA to ORD",1328,"Other",3,2,83.33334,4.422849,156090,11.95819,21.66667,5743
"LGA to ORD",1328,"Delta (DL)",2,3,353,5.866468,30,3.401197,33,5743
"LGA to ORD",1328,"Other",3,3,65,4.174387,166400,12.02215,22.16667,5743
"LGA to ORD",1328,"United (UA)",4,3,77,4.343805,79580,11.28452,36.5,5743
"LGA to ORD",1328,"American Airlines (AA)",1,3,120,4.787492,176160,12.07915,38.5,5743
"LGA to ORD",1328,"United (UA)",4,4,77,4.343805,80340,11.29402,37,5743
"LGA to ORD",1328,"Delta (DL)",2,4,229,5.433722,240,5.480639,33,5743
"LGA to ORD",1328,"Other",3,4,107.6667,4.67904,129930,11.77475,22.83333,5743
"LGA to ORD",1328,"American Airlines (AA)",1,4,127,4.844187,153060,11.93859,37.5,5743
"LGA to PDX",1330,"Other",3,3,208,5.337538,8490,9.046644,19,4578.5
"LGA to PDX",1330,"United (UA)",4,3,262,5.568345,10,2.302585,35,4578.5
"LGA to PDX",1330,"Delta (DL)",2,3,318,5.762052,60,4.094345,30,4578.5
"LGA to PDX",1330,"American Airlines (AA)",1,3,350,5.857933,20,2.995732,31,4578.5
"LGA to PDX",1330,"United (UA)",4,4,302,5.710427,10,2.302585,34,4578.5
"LGA to PDX",1330,"Delta (DL)",2,4,225,5.416101,20,2.995732,29,4578.5
"LGA to PDX",1330,"Other",3,4,257.5,5.55102,3850,8.255829,25.5,4578.5
"LGA to PDX",1330,"American Airlines (AA)",1,4,663,6.496775,80,4.382027,30,4578.5
"LGA to SAN",1335,"American Airlines (AA)",1,1,96,4.564348,14860,9.606428,36.5,4944
"LGA to SAN",1335,"Delta (DL)",2,1,116,4.75359,660,6.49224,36,4944
"LGA to SAN",1335,"United (UA)",4,1,410,6.016157,60,4.094345,32,4944
"LGA to SAN",1335,"Other",3,1,145.3333,4.97903,35360,10.47334,20.66667,4944
"LGA to SAN",1335,"Other",3,3,133.75,4.895972,28350,10.25238,20.875,4944
"LGA to SAN",1335,"United (UA)",4,3,189,5.241747,30,3.401197,29,4944
"LGA to SAN",1335,"American Airlines (AA)",1,3,126,4.836282,23380,10.05964,36,4944
"LGA to SAN",1335,"Delta (DL)",2,3,167,5.117994,10500,9.25913,31.5,4944
"LGA to SAN",1335,"American Airlines (AA)",1,4,136,4.912655,6390,8.762489,35,4944
"LGA to SAN",1335,"Other",3,4,157.4,5.05879,21890,9.993785,20.9,4944
"LGA to SAN",1335,"United (UA)",4,4,390,5.966147,180,5.192957,29,4944
"LGA to SAN",1335,"Delta (DL)",2,4,191,5.252274,9660,9.175749,32,4944
"LGA to SEA",1338,"American Airlines (AA)",1,2,74,4.304065,5930,8.687779,32.5,4597.5
"LGA to SEA",1338,"Other",3,2,257.8,5.552184,18240,9.811372,18.8,4597.5
"LGA to SEA",1338,"United (UA)",4,2,451,6.111467,80,4.382027,35,4597.5
"LGA to SEA",1338,"Delta (DL)",2,2,121,4.795791,3980,8.289037,33,4597.5
"LGA to SEA",1338,"United (UA)",4,3,137,4.919981,20,2.995732,35.5,4597.5
"LGA to SEA",1338,"Other",3,3,64.5,4.166665,29570,10.29452,20,4597.5
"LGA to SEA",1338,"Delta (DL)",2,3,104,4.644391,5560,8.623353,37.5,4597.5
"LGA to SEA",1338,"American Airlines (AA)",1,3,175,5.164786,20500,9.92818,35.5,4597.5
"LGA to SFO",1339,"American Airlines (AA)",1,1,265,5.57973,26160,10.17199,35.5,4684
"LGA to SFO",1339,"Other",3,1,91.5,4.516339,56170,10.93614,21.5,4684
"LGA to SFO",1339,"Delta (DL)",2,1,168,5.123964,2580,7.855545,34.5,4684
"LGA to SFO",1339,"United (UA)",4,1,123,4.812184,92420,11.4341,37.5,4684
"LGA to SFO",1339,"United (UA)",4,2,133,4.890349,44980,10.71397,34,4684
"LGA to SFO",1339,"Other",3,2,122,4.804021,35940,10.48961,23,4684
"LGA to SFO",1339,"Delta (DL)",2,2,54,3.988984,8580,9.057189,31.5,4684
"LGA to SFO",1339,"American Airlines (AA)",1,2,279,5.631212,19380,9.871997,35,4684
"LGA to SFO",1339,"United (UA)",4,3,110,4.70048,45120,10.71708,34.5,4684
"LGA to SFO",1339,"Delta (DL)",2,3,113,4.727388,5010,8.519191,32,4684
"LGA to SFO",1339,"American Airlines (AA)",1,3,240,5.480639,42520,10.65773,35.5,4684
"LGA to SFO",1339,"Other",3,3,115.25,4.747104,35800,10.4857,21.875,4684
"LGA to SFO",1339,"American Airlines (AA)",1,4,212,5.356586,41580,10.63538,35,4684
"LGA to SFO",1339,"Other",3,4,202.3333,5.309916,62490,11.04276,23.66667,4684
"LGA to SFO",1339,"United (UA)",4,4,155,5.043425,37580,10.53423,35,4684
"LGA to SFO",1339,"Delta (DL)",2,4,92,4.521789,9570,9.166389,33,4684
"MEM to ORD",1486,"United (UA)",4,2,267,5.587249,1350,7.20786,26,1767
"MEM to ORD",1486,"Delta (DL)",2,2,505,6.224558,10,2.302585,30.5,1767
"MEM to ORD",1486,"American Airlines (AA)",1,2,186,5.225747,1600,7.377759,28,1767
"MEM to ORD",1486,"Other",3,2,273,5.609472,7100,8.86785,32,1767
"MKE to ORD",1594,"American Airlines (AA)",1,2,158,5.062595,60,4.094345,27,1723
"MKE to ORD",1594,"Other",3,2,190,5.247024,280,5.634789,16,1723
"MKE to ORD",1594,"United (UA)",4,2,199,5.293305,160,5.075174,35,1723
"MKE to ORD",1594,"Delta (DL)",2,2,187,5.231109,10,2.302585,20.5,1723
"OKC to ORD",1809,"Other",3,3,91,4.510859,510,6.234411,26.5,1695
"OKC to ORD",1809,"American Airlines (AA)",1,3,108,4.682131,2600,7.863267,41,1695
"OKC to ORD",1809,"United (UA)",4,3,142,4.955827,1100,7.003066,33,1695
"OKC to ORD",1809,"Delta (DL)",2,3,0,,10,2.302585,28.5,1695
"ORD to ATL",1935,"United (UA)",4,1,96,4.564348,42900,10.66663,38,1640.5
"ORD to ATL",1935,"American Airlines (AA)",1,1,106,4.663439,18060,9.801455,41,1640.5
"ORD to ATL",1935,"Other",3,1,52,3.951244,14610,9.589461,17,1640.5
"ORD to ATL",1935,"Delta (DL)",2,1,70,4.248495,75600,11.23321,40,1640.5
"ORD to ATL",1935,"Delta (DL)",2,2,58,4.060443,32620,10.39268,38,1640.5
"ORD to ATL",1935,"American Airlines (AA)",1,2,164,5.099866,29760,10.30092,38.5,1640.5
"ORD to ATL",1935,"United (UA)",4,2,82,4.406719,39580,10.58608,37.5,1640.5
"ORD to ATL",1935,"Other",3,2,37,3.610918,11740,9.370757,14,1640.5
"ORD to ATL",1935,"Delta (DL)",2,3,38,3.637586,33920,10.43176,37.5,1640.5
"ORD to ATL",1935,"American Airlines (AA)",1,3,104,4.644391,27120,10.20803,37.5,1640.5
"ORD to ATL",1935,"Other",3,3,53,3.970292,11860,9.380927,10.75,1640.5
"ORD to ATL",1935,"United (UA)",4,3,54,3.988984,35000,10.4631,35.5,1640.5
"ORD to ATL",1935,"American Airlines (AA)",1,4,113,4.727388,29720,10.29958,39,1640.5
"ORD to ATL",1935,"Other",3,4,65,4.174387,11680,9.365633,15.66667,1640.5
"ORD to ATL",1935,"United (UA)",4,4,108,4.682131,31920,10.37099,35,1640.5
"ORD to ATL",1935,"Delta (DL)",2,4,51,3.931826,32940,10.40244,35,1640.5
"ORD to CLT",1942,"American Airlines (AA)",1,1,207,5.332719,2650,7.882315,34,1728
"ORD to CLT",1942,"Delta (DL)",2,1,677,6.517671,10,2.302585,33.5,1728
"ORD to CLT",1942,"United (UA)",4,1,182,5.204007,7180,8.879055,33.5,1728
"ORD to CLT",1942,"Other",3,1,90.66666,4.50719,16160,9.690294,18.16667,1728
"ORD to CVG",1945,"United (UA)",4,2,136,4.912655,8100,8.999619,28,1588
"ORD to CVG",1945,"Delta (DL)",2,2,242,5.488938,10020,9.212338,36,1588
"ORD to CVG",1945,"American Airlines (AA)",1,2,170,5.135798,4010,8.296547,27,1588
"ORD to CVG",1945,"Other",3,2,305,5.720312,140,4.941642,2,1588
"ORD to CVG",1945,"United (UA)",4,3,136,4.912655,6280,8.745125,28.5,1588
"ORD to CVG",1945,"Delta (DL)",2,3,213,5.361292,8940,9.09829,35.5,1588
"ORD to CVG",1945,"American Airlines (AA)",1,3,162,5.087596,3920,8.273847,27,1588
"ORD to CVG",1945,"Other",3,3,176,5.170484,690,6.536692,4,1588
"ORD to CVG",1945,"United (UA)",4,4,123,4.812184,12460,9.430279,28.5,1588
"ORD to CVG",1945,"Delta (DL)",2,4,174,5.159055,6840,8.830543,33,1588
"ORD to CVG",1945,"American Airlines (AA)",1,4,122,4.804021,4030,8.301521,28.5,1588
"ORD to CVG",1945,"Other",3,4,197,5.283204,30,3.401197,2.5,1588
"ORD to DAL",1946,"American Airlines (AA)",1,1,125,4.828314,105700,11.56836,43.5,2640.5
"ORD to DAL",1946,"Other",3,1,50,3.912023,12890,9.464207,22,2640.5
"ORD to DAL",1946,"Delta (DL)",2,1,141,4.94876,3050,8.022897,37.5,2640.5
"ORD to DAL",1946,"United (UA)",4,1,85,4.442651,19600,9.883285,37.5,2640.5
"ORD to DAL",1946,"Delta (DL)",2,2,109,4.691348,980,6.887553,35,2640.5
"ORD to DAL",1946,"American Airlines (AA)",1,2,132,4.882802,50760,10.83486,42.5,2640.5
"ORD to DAL",1946,"United (UA)",4,2,76,4.330733,18020,9.799237,36.5,2640.5
"ORD to DAL",1946,"Other",3,2,41,3.713572,10300,9.2399,21.5,2640.5
"ORD to HOU",1951,"Delta (DL)",2,1,281,5.638355,30,3.401197,34,2437.5
"ORD to HOU",1951,"United (UA)",4,1,69,4.234107,12650,9.445413,36.5,2437.5
"ORD to HOU",1951,"Other",3,1,221.3333,5.39967,41240,10.62716,28.83333,2437.5
"ORD to HOU",1951,"American Airlines (AA)",1,1,119,4.779123,9140,9.120416,41,2437.5
"ORD to HOU",1951,"Other",3,3,81.5,4.400603,22530,10.0226,28.75,2437.5
"ORD to HOU",1951,"American Airlines (AA)",1,3,91,4.510859,8890,9.092682,39.5,2437.5
"ORD to HOU",1951,"United (UA)",4,3,88,4.477337,9330,9.14099,34,2437.5
"ORD to HOU",1951,"Delta (DL)",2,3,138,4.927254,60,4.094345,28.5,2437.5
"ORD to LGA",1958,"American Airlines (AA)",1,1,142,4.955827,330880,12.70951,38,5743
"ORD to LGA",1958,"Delta (DL)",2,1,243,5.493062,240,5.480639,34,5743
"ORD to LGA",1958,"United (UA)",4,1,123,4.812184,221670,12.30894,37.5,5743
"ORD to LGA",1958,"Other",3,1,78,4.356709,195880,12.18526,24,5743
"ORD to LGA",1958,"United (UA)",4,2,75,4.317488,113300,11.63779,37.5,5743
"ORD to LGA",1958,"Delta (DL)",2,2,225,5.416101,130,4.867535,32,5743
"ORD to LGA",1958,"American Airlines (AA)",1,2,155,5.043425,223720,12.31815,36,5743
"ORD to LGA",1958,"Other",3,2,76.66666,4.339467,79470,11.28313,19.66667,5743
"ORD to LGA",1958,"Other",3,3,55.66667,4.019382,81660,11.31032,19.66667,5743
"ORD to LGA",1958,"American Airlines (AA)",1,3,124,4.820282,161160,11.99015,36.5,5743
"ORD to LGA",1958,"United (UA)",4,3,65,4.174387,107140,11.58189,38,5743
"ORD to LGA",1958,"Delta (DL)",2,3,278,5.627621,60,4.094345,32,5743
"ORD to LGA",1958,"Delta (DL)",2,4,327,5.78996,230,5.438079,29.5,5743
"ORD to LGA",1958,"Other",3,4,44.5,3.795489,78780,11.27441,22.25,5743
"ORD to LGA",1958,"United (UA)",4,4,62,4.127134,118680,11.68419,38.5,5743
"ORD to LGA",1958,"American Airlines (AA)",1,4,118,4.770685,166590,12.02329,37,5743
"ORD to MCI",1960,"Other",3,2,4,1.386294,19970,9.901986,28,1653
"ORD to MCI",1960,"United (UA)",4,2,64,4.158883,8320,9.026418,37.5,1653
"ORD to MCI",1960,"American Airlines (AA)",1,2,52,3.951244,10190,9.229162,39,1653
"ORD to MCI",1960,"Delta (DL)",2,2,137,4.919981,10,2.302585,27,1653
"ORD to MCI",1960,"American Airlines (AA)",1,3,46,3.828641,10070,9.217316,38,1653
"ORD to MCI",1960,"United (UA)",4,3,39,3.663562,8560,9.054855,37,1653
"ORD to MCI",1960,"Other",3,3,4,1.386294,16890,9.734477,27.5,1653
"ORD to MCI",1960,"Delta (DL)",2,3,69,4.234107,20,2.995732,27,1653
"ORD to PHL",1972,"Other",3,1,68.5,4.226834,26850,10.19802,24,2166
"ORD to PHL",1972,"American Airlines (AA)",1,1,147,4.990433,16300,9.69892,37,2166
"ORD to PHL",1972,"United (UA)",4,1,106,4.663439,23440,10.0622,36.5,2166
"ORD to PHL",1972,"Delta (DL)",2,1,223,5.407172,10,2.302585,28.5,2166
"ORD to RDU",1975,"Delta (DL)",2,1,199,5.293305,10,2.302585,38,1594.5
"ORD to RDU",1975,"Other",3,1,111,4.70953,7030,8.857942,26.25,1594.5
"ORD to RDU",1975,"United (UA)",4,1,94,4.543295,7580,8.933269,34.5,1594.5
"ORD to RDU",1975,"American Airlines (AA)",1,1,88,4.477337,11420,9.343122,43.5,1594.5
"ORD to SAN",1976,"American Airlines (AA)",1,4,94,4.543295,10810,9.288227,41.5,2063
"ORD to SAN",1976,"United (UA)",4,4,89,4.488636,9450,9.15377,37,2063
"ORD to SAN",1976,"Delta (DL)",2,4,177,5.17615,50,3.912023,25.5,2063
"ORD to SAN",1976,"Other",3,4,17,2.833213,13610,9.51856,27,2063
"ORD to SEA",1979,"Other",3,1,25,3.218876,16150,9.689675,24.5,1716.5
"ORD to SEA",1979,"American Airlines (AA)",1,1,152,5.02388,9840,9.194211,39.5,1716.5
"ORD to SEA",1979,"United (UA)",4,1,129,4.859812,18060,9.801455,45,1716.5
"ORD to SEA",1979,"Delta (DL)",2,1,328,5.793014,10,2.302585,36.5,1716.5
"ORD to SFO",1980,"United (UA)",4,1,120,4.787492,31110,10.34528,42.5,1803
"ORD to SFO",1980,"American Airlines (AA)",1,1,146,4.983607,16420,9.706255,42,1803
"ORD to SFO",1980,"Other",3,1,23,3.135494,18450,9.82282,21.5,1803
"ORD to SFO",1980,"Delta (DL)",2,1,341,5.831882,80,4.382027,32,1803
"PDX to LGA",2066,"United (UA)",4,4,296,5.69036,10,2.302585,38,4578.5
"PDX to LGA",2066,"Delta (DL)",2,4,328,5.793014,70,4.248495,34,4578.5
"PDX to LGA",2066,"American Airlines (AA)",1,4,312,5.743003,20,2.995732,31.5,4578.5
"PDX to LGA",2066,"Other",3,4,310,5.736572,4820,8.480529,26.5,4578.5
"PHL to ORD",2132,"United (UA)",4,1,106,4.663439,23440,10.0622,37,2166
"PHL to ORD",2132,"Delta (DL)",2,1,223,5.407172,10,2.302585,31,2166
"PHL to ORD",2132,"American Airlines (AA)",1,1,147,4.990433,16300,9.69892,37,2166
"PHL to ORD",2132,"Other",3,1,68.5,4.226834,26850,10.19802,24,2166
"RDU to ORD",2294,"American Airlines (AA)",1,1,88,4.477337,11420,9.343122,43.5,1594.5
"RDU to ORD",2294,"United (UA)",4,1,94,4.543295,7580,8.933269,35,1594.5
"RDU to ORD",2294,"Delta (DL)",2,1,199,5.293305,10,2.302585,39,1594.5
"RDU to ORD",2294,"Other",3,1,111,4.70953,7030,8.857942,26.25,1594.5
"RDU to ORD",2294,"American Airlines (AA)",1,2,74,4.304065,10590,9.267666,42.5,1594.5
"RDU to ORD",2294,"United (UA)",4,2,86,4.454347,3290,8.098643,32.5,1594.5
"RDU to ORD",2294,"Other",3,2,82.5,4.412798,6220,8.735525,19.75,1594.5
"RDU to ORD",2294,"Delta (DL)",2,2,198,5.288267,10,2.302585,39,1594.5
"SAN to LGA",2336,"Other",3,1,145.3333,4.97903,35360,10.47334,20.66667,4944
"SAN to LGA",2336,"Delta (DL)",2,1,116,4.75359,660,6.49224,35.5,4944
"SAN to LGA",2336,"American Airlines (AA)",1,1,96,4.564348,14860,9.606428,36.5,4944
"SAN to LGA",2336,"United (UA)",4,1,410,6.016157,60,4.094345,32.5,4944
"SAN to LGA",2336,"American Airlines (AA)",1,3,218,5.384495,17620,9.77679,36,4944
"SAN to LGA",2336,"Delta (DL)",2,3,82,4.406719,3930,8.276395,31.5,4944
"SAN to LGA",2336,"United (UA)",4,3,201,5.303305,10,2.302585,32,4944
"SAN to LGA",2336,"Other",3,3,169.25,5.131377,15300,9.635608,21,4944
"SAN to LGA",2336,"United (UA)",4,4,414,6.025866,80,4.382027,32.5,4944
"SAN to LGA",2336,"Other",3,4,188.75,5.240423,14830,9.604407,20.75,4944
"SAN to LGA",2336,"Delta (DL)",2,4,212,5.356586,8880,9.091557,30.5,4944
"SAN to LGA",2336,"American Airlines (AA)",1,4,180,5.192957,15260,9.63299,36,4944
"SAN to ORD",2347,"American Airlines (AA)",1,4,124,4.820282,7560,8.930627,41.5,2063
"SAN to ORD",2347,"Delta (DL)",2,4,297,5.693732,90,4.49981,27.5,2063
"SAN to ORD",2347,"United (UA)",4,4,92,4.521789,6230,8.737132,39,2063
"SAN to ORD",2347,"Other",3,4,169,5.129899,11870,9.381769,17,2063
"SAN to PHL",2350,"American Airlines (AA)",1,3,123,4.812184,10,2.302585,33.5,1367
"SAN to PHL",2350,"Delta (DL)",2,3,216,5.375278,10,2.302585,25.5,1367
"SAN to PHL",2350,"United (UA)",4,3,108,4.682131,20,2.995732,26,1367
"SAN to PHL",2350,"Other",3,3,135.5,4.908972,5010,8.519191,23.75,1367
"SDF to ORD",2453,"Delta (DL)",2,2,731,6.594413,10,2.302585,35.5,1709
"SDF to ORD",2453,"United (UA)",4,2,126,4.836282,2050,7.625595,27,1709
"SDF to ORD",2453,"American Airlines (AA)",1,2,180,5.192957,1210,7.098376,31.5,1709
"SDF to ORD",2453,"Other",3,2,5,1.609438,12230,9.411647,24,1709
"SEA to BOS",2475,"United (UA)",4,1,5,1.609438,10,2.302585,39,570
"SEA to BOS",2475,"American Airlines (AA)",1,1,268,5.590987,3420,8.137396,39.5,570
"SEA to BOS",2475,"Delta (DL)",2,1,385,5.953243,30,3.401197,42,570
"SEA to BOS",2475,"Other",3,1,177,5.17615,4160,8.33327,13.5,570
"SEA to BOS",2475,"Delta (DL)",2,4,516,6.246107,70,4.248495,37.5,570
"SEA to BOS",2475,"Other",3,4,170,5.135798,7840,8.966994,14.5,570
"SEA to BOS",2475,"American Airlines (AA)",1,4,243,5.493062,2790,7.933797,37,570
"SEA to BOS",2475,"United (UA)",4,4,426,6.05444,20,2.995732,34,570
"SEA to DAL",2483,"Other",3,3,255,5.541264,100,4.60517,9,1495
"SEA to DAL",2483,"United (UA)",4,3,183,5.209486,60,4.094345,36,1495
"SEA to DAL",2483,"American Airlines (AA)",1,3,267,5.587249,6690,8.808369,40,1495
"SEA to DAL",2483,"Delta (DL)",2,3,193,5.26269,2180,7.68708,40.5,1495
"SEA to DCA",2484,"American Airlines (AA)",1,2,368,5.908083,100,4.60517,35.5,562.5
"SEA to DCA",2484,"Delta (DL)",2,2,378,5.934894,10,2.302585,37.5,562.5
"SEA to DCA",2484,"United (UA)",4,2,160,5.075174,5410,8.596004,39,562.5
"SEA to DCA",2484,"Other",3,2,205.5,5.325446,18130,9.805324,21.5,562.5
"SEA to LGA",2495,"Delta (DL)",2,2,79,4.369448,6350,8.75621,35,4597.5
"SEA to LGA",2495,"Other",3,2,206,5.327876,20450,9.925738,19.9,4597.5
"SEA to LGA",2495,"American Airlines (AA)",1,2,71,4.26268,4470,8.405144,32,4597.5
"SEA to LGA",2495,"United (UA)",4,2,327,5.78996,300,5.703783,36.5,4597.5
"SEA to LGA",2495,"Delta (DL)",2,3,112,4.718499,5230,8.562166,37,4597.5
"SEA to LGA",2495,"American Airlines (AA)",1,3,130,4.867535,10520,9.261033,32.5,4597.5
"SEA to LGA",2495,"Other",3,3,80,4.382027,19130,9.859013,20.25,4597.5
"SEA to LGA",2495,"United (UA)",4,3,365,5.899898,30,3.401197,37.5,4597.5
"SEA to LGA",2495,"Other",3,4,158,5.062595,23030,10.04455,23,4597.5
"SEA to LGA",2495,"United (UA)",4,4,3,1.098612,20,2.995732,38.5,4597.5
"SEA to LGA",2495,"American Airlines (AA)",1,4,136,4.912655,6720,8.812843,33,4597.5
"SEA to LGA",2495,"Delta (DL)",2,4,77,4.343805,8130,9.003316,38,4597.5
"SEA to ORD",2507,"American Airlines (AA)",1,1,152,5.02388,9840,9.194211,39.5,1716.5
"SEA to ORD",2507,"Other",3,1,25,3.218876,16150,9.689675,24.5,1716.5
"SEA to ORD",2507,"Delta (DL)",2,1,328,5.793014,10,2.302585,37.5,1716.5
"SEA to ORD",2507,"United (UA)",4,1,129,4.859812,18060,9.801455,45.5,1716.5
"SFO to BOS",2529,"United (UA)",4,1,259,5.556828,17920,9.793673,39,656.5
"SFO to BOS",2529,"American Airlines (AA)",1,1,195,5.273,16340,9.701371,42,656.5
"SFO to BOS",2529,"Delta (DL)",2,1,339,5.826,10,2.302585,37.5,656.5
"SFO to BOS",2529,"Other",3,1,113.3333,4.730333,3710,8.218787,21.5,656.5
"SFO to BOS",2529,"Delta (DL)",2,3,198,5.288267,10,2.302585,30,656.5
"SFO to BOS",2529,"United (UA)",4,3,90,4.49981,19530,9.879707,35.5,656.5
"SFO to BOS",2529,"Other",3,3,114.5,4.740575,5940,8.689465,19.5,656.5
"SFO to BOS",2529,"American Airlines (AA)",1,3,96,4.564348,11140,9.318297,39,656.5
"SFO to DAL",2537,"United (UA)",4,3,232,5.446737,1150,7.047517,36,1581.5
"SFO to DAL",2537,"American Airlines (AA)",1,3,238,5.47227,5590,8.628735,41,1581.5
"SFO to DAL",2537,"Delta (DL)",2,3,131,4.875197,1880,7.539027,32,1581.5
"SFO to DAL",2537,"Other",3,3,249.5,5.519459,140,4.941642,12.75,1581.5
"SFO to DAL",2537,"American Airlines (AA)",1,4,264,5.575949,7110,8.869258,42,1581.5
"SFO to DAL",2537,"Other",3,4,332,5.805135,30,3.401197,20.5,1581.5
"SFO to DAL",2537,"Delta (DL)",2,4,192,5.257495,2000,7.600903,31.5,1581.5
"SFO to DAL",2537,"United (UA)",4,4,240,5.480639,1600,7.377759,38,1581.5
"SFO to LGA",2549,"American Airlines (AA)",1,1,265,5.57973,26160,10.17199,35.5,4684
"SFO to LGA",2549,"United (UA)",4,1,123,4.812184,92420,11.4341,38,4684
"SFO to LGA",2549,"Other",3,1,91.5,4.516339,56170,10.93614,21.5,4684
"SFO to LGA",2549,"Delta (DL)",2,1,168,5.123964,2580,7.855545,34,4684
"SFO to LGA",2549,"Other",3,2,108.75,4.689052,17570,9.773948,21.875,4684
"SFO to LGA",2549,"United (UA)",4,2,117,4.762174,83400,11.3314,35.5,4684
"SFO to LGA",2549,"American Airlines (AA)",1,2,186,5.225747,23160,10.05018,33.5,4684
"SFO to LGA",2549,"Delta (DL)",2,2,146,4.983607,9180,9.124783,29,4684
"SFO to LGA",2549,"American Airlines (AA)",1,3,183,5.209486,36450,10.5037,33.5,4684
"SFO to LGA",2549,"United (UA)",4,3,97,4.574711,76020,11.23875,37,4684
"SFO to LGA",2549,"Other",3,3,125.5,4.832306,14850,9.605755,21.375,4684
"SFO to LGA",2549,"Delta (DL)",2,3,86,4.454347,3980,8.289037,28.5,4684
"SFO to LGA",2549,"Other",3,4,126.5,4.840242,29700,10.2989,23.25,4684
"SFO to LGA",2549,"American Airlines (AA)",1,4,239,5.476463,51540,10.85011,35,4684
"SFO to LGA",2549,"United (UA)",4,4,121,4.795791,83460,11.33212,38,4684
"SFO to LGA",2549,"Delta (DL)",2,4,79,4.369448,9010,9.106091,30.5,4684
"SFO to ORD",2560,"American Airlines (AA)",1,1,146,4.983607,16420,9.706255,42,1803
"SFO to ORD",2560,"Delta (DL)",2,1,341,5.831882,80,4.382027,33,1803
"SFO to ORD",2560,"Other",3,1,23,3.135494,18450,9.82282,21.5,1803
"SFO to ORD",2560,"United (UA)",4,1,120,4.787492,31110,10.34528,42,1803
"SFO to ORD",2560,"Other",3,2,153,5.030438,11970,9.390159,20.25,1803
"SFO to ORD",2560,"United (UA)",4,2,111,4.70953,23180,10.05105,44.5,1803
"SFO to ORD",2560,"American Airlines (AA)",1,2,160,5.075174,8230,9.015541,39,1803
"SFO to ORD",2560,"Delta (DL)",2,2,238,5.47227,30,3.401197,28,1803
"SFO to ORD",2560,"United (UA)",4,3,106,4.663439,22530,10.0226,44.5,1803
"SFO to ORD",2560,"American Airlines (AA)",1,3,139,4.934474,9010,9.106091,39.5,1803
"SFO to ORD",2560,"Other",3,3,146,4.983607,16030,9.682218,20,1803
"SFO to ORD",2560,"Delta (DL)",2,3,210,5.347107,20,2.995732,26,1803
"STL to DCA",2749,"American Airlines (AA)",1,1,220,5.393628,21820,9.990582,40.5,448.5
"STL to DCA",2749,"Other",3,1,289,5.666427,14800,9.602383,13.5,448.5
"STL to DCA",2749,"United (UA)",4,1,441,6.089045,90,4.49981,35,448.5
"STL to DCA",2749,"Delta (DL)",2,1,484,6.182085,20,2.995732,32,448.5
"STL to LGA",2760,"Delta (DL)",2,2,525,6.263398,120,4.787492,27.5,4483.5
"STL to LGA",2760,"United (UA)",4,2,179,5.187386,10,2.302585,27,4483.5
"STL to LGA",2760,"Other",3,2,324,5.780744,5040,8.525162,18.25,4483.5
"STL to LGA",2760,"American Airlines (AA)",1,2,262,5.568345,49890,10.81758,38,4483.5
"STL to ORD",2772,"United (UA)",4,3,175,5.164786,2820,7.944492,33.5,1602.5
"STL to ORD",2772,"Delta (DL)",2,3,129,4.859812,10,2.302585,25.5,1602.5
"STL to ORD",2772,"American Airlines (AA)",1,3,53,3.970292,16580,9.715953,44,1602.5
"STL to ORD",2772,"Other",3,3,98.66666,4.591747,22440,10.0186,17.16667,1602.5
